{
  "model_name": "digital_human_lite",
  "version": "1.0.0",
  "description": "轻量级数字人对话模型",
  "input_shape": [1, 50],
  "output_shape": [1, 50],
  "vocab_size": 10000,
  "embedding_dim": 64,
  "max_sequence_length": 50,
  "default_responses": [
    {
      "keywords": ["你好", "嗨", "哈喽"],
      "response": "你好，我是数字人助手，有什么可以帮助你的吗？"
    },
    {
      "keywords": ["再见", "拜拜", "下次见"],
      "response": "再见，有需要随时找我。"
    },
    {
      "keywords": ["谢谢", "感谢"],
      "response": "不客气，很高兴能帮到你。"
    },
    {
      "keywords": ["你是谁", "你叫什么", "你的名字"],
      "response": "我是一个轻量级的数字人助手，可以通过语音或文字与你交流。"
    },
    {
      "keywords": ["帮助", "怎么用", "使用说明"],
      "response": "我可以回答问题、提供信息，或者连接到你的知识库。你可以通过语音或文字与我交流。"
    }
  ],
  "fallback_responses": [
    "我理解你的意思了，请继续告诉我更多信息。",
    "这个问题很有趣，让我思考一下。",
    "我明白你的问题，不过我需要更多信息才能回答。",
    "这是一个好问题，不过我现在还不能完全回答。",
    "我会尽力帮助你解决这个问题。"
  ]
} 